<?xml version="1.0" encoding="UTF-8"?>
<ti:app xmlns:ti="http://ti.appcelerator.org">
	<id>com.appcelerator.twitpic</id>
	<name>TwitPicClient</name>
	<version>1.0</version>
	<icon>appicon.png</icon>
	<persistent-wifi>false</persistent-wifi>
	<prerendered-icon>false</prerendered-icon>
	<statusbar-style>opaque</statusbar-style>
	<windows>
		<window>
			<title>TwitPic Client</title>
			<id>initial</id>
			<url>index.html</url>
			<icon>bird.png</icon>
		</window>
		<window>
			<title>Settings</title>
			<id>settings</id>
			<url>settings.html</url>
			<icon>key.png</icon>
		</window>
	</windows>
</ti:app>
